frequency_hz;response_db
25;11,4
26;11,4
27;11,4
28;11,5
29;11,5
30;11,6
31;11,6
32;11,6
33;11,6
34;11,7
35;11,7
36;11,7
37;11,7
38;11,8
39;11,8
40;11,8
41;11,9
42;11,9
43;11,9
44;11,9
45;11,9
46;11,9
47;11,9
48;11,9
49;12,0
50;12,0
51;12,0
52;12,1
53;12,1
54;12,1
55;12,1
56;12,1
57;12,2
58;12,2
59;12,2
60;12,2
61;12,2
62;12,2
63;12,2
64;12,2
65;12,2
66;12,2
67;12,2
68;12,2
69;12,2
70;12,2
71;12,2
72;12,2
73;12,2
74;12,2
75;12,2
76;12,2
77;12,3
78;12,3
79;12,3
80;12,3
81;12,3
82;12,3
83;12,3
84;12,3
85;12,3
86;12,3
87;12,3
88;12,3
89;12,3
90;12,3
91;12,3
92;12,4
93;12,4
94;12,4
95;12,4
96;12,4
97;12,4
98;12,4
99;12,4
100;12,4
101;12,4
102;12,4
103;12,4
104;12,4
105;12,4
106;12,4
107;12,4
108;12,4
109;12,4
110;12,4
111;12,4
112;12,4
113;12,4
114;12,4
115;12,4
116;12,4
117;12,4
118;12,4
119;12,4
120;12,4
121;12,4
122;12,4
123;12,4
124;12,4
125;12,4
126;12,4
127;12,4
128;12,4
129;12,4
130;12,4
131;12,4
132;12,4
133;12,4
134;12,4
135;12,4
136;12,4
137;12,4
138;12,4
139;12,4
140;12,4
141;12,4
142;12,4
143;12,4
144;12,4
145;12,4
146;12,4
147;12,4
148;12,4
149;12,4
150;12,4
151;12,4
152;12,4
153;12,4
154;12,4
155;12,4
156;12,4
157;12,4
158;12,4
159;12,4
160;12,4
161;12,4
162;12,4
163;12,4
164;12,4
165;12,4
166;12,4
167;12,4
168;12,4
169;12,4
170;12,4
171;12,4
172;12,4
173;12,4
174;12,4
175;12,4
176;12,4
177;12,4
178;12,4
179;12,4
180;12,4
181;12,4
182;12,4
183;12,4
184;12,4
185;12,4
186;12,4
187;12,4
188;12,4
189;12,4
190;12,4
191;12,4
192;12,4
193;12,4
194;12,4
195;12,4
196;12,4
197;12,4
198;12,4
199;12,4
200;12,5
201;12,5
202;12,5
203;12,5
204;12,5
205;12,5
206;12,5
207;12,5
208;12,5
209;12,5
210;12,5
211;12,5
212;12,5
213;12,5
214;12,5
215;12,5
216;12,5
217;12,5
218;12,5
219;12,5
220;12,5
221;12,5
222;12,5
223;12,5
224;12,5
225;12,5
226;12,5
227;12,5
228;12,5
229;12,5
230;12,5
231;12,5
232;12,5
233;12,5
234;12,5
235;12,5
236;12,5
237;12,5
238;12,5
239;12,5
240;12,5
241;12,5
242;12,5
243;12,5
244;12,5
245;12,5
246;12,5
247;12,5
248;12,5
249;12,5
250;12,5
251;12,5
252;12,5
253;12,5
254;12,5
255;12,5
256;12,5
257;12,5
258;12,5
259;12,5
260;12,5
262;12,5
263;12,5
264;12,5
265;12,5
266;12,5
267;12,5
268;12,5
269;12,5
270;12,5
271;12,5
272;12,5
273;12,5
274;12,5
275;12,5
276;12,5
277;12,5
278;12,5
280;12,5
281;12,5
282;12,5
283;12,5
284;12,5
285;12,5
286;12,5
287;12,5
289;12,5
290;12,5
291;12,5
292;12,5
293;12,5
294;12,5
295;12,5
297;12,5
298;12,5
299;12,5
300;12,5
301;12,5
302;12,5
304;12,5
305;12,5
306;12,5
307;12,5
308;12,5
310;12,5
311;12,5
312;12,5
313;12,5
315;12,5
316;12,5
317;12,5
318;12,5
320;12,5
321;12,5
322;12,5
323;12,5
325;12,5
326;12,5
327;12,5
329;12,5
330;12,5
331;12,5
332;12,5
334;12,5
335;12,5
336;12,5
338;12,5
339;12,5
340;12,5
342;12,5
343;12,5
344;12,5
346;12,5
347;12,5
349;12,5
350;12,5
351;12,5
353;12,5
354;12,5
355;12,5
357;12,5
358;12,5
360;12,4
361;12,4
362;12,4
364;12,4
365;12,4
367;12,4
368;12,4
370;12,4
371;12,4
373;12,4
374;12,4
376;12,4
377;12,4
379;12,4
380;12,4
382;12,4
383;12,4
385;12,4
386;12,4
388;12,4
389;12,4
391;12,4
392;12,4
394;12,4
395;12,4
397;12,4
398;12,4
400;12,4
402;12,4
403;12,4
405;12,4
406;12,4
408;12,4
409;12,4
411;12,4
413;12,4
414;12,4
416;12,4
418;12,4
419;12,4
421;12,4
423;12,4
424;12,4
426;12,4
428;12,4
429;12,4
431;12,4
433;12,4
434;12,4
436;12,4
438;12,4
440;12,4
441;12,4
443;12,4
445;12,4
447;12,4
448;12,4
450;12,4
452;12,4
454;12,5
455;12,5
457;12,5
459;12,5
461;12,5
463;12,5
464;12,5
466;12,5
468;12,5
470;12,5
472;12,5
474;12,5
476;12,6
477;12,6
479;12,6
481;12,6
483;12,6
485;12,6
487;12,6
489;12,6
491;12,6
493;12,6
495;12,6
497;12,6
499;12,6
500;12,6
502;12,7
504;12,7
506;12,7
508;12,7
510;12,7
512;12,7
514;12,7
516;12,7
519;12,7
521;12,7
523;12,7
525;12,7
527;12,7
529;12,8
531;12,8
533;12,8
535;12,8
537;12,8
539;12,8
541;12,8
544;12,8
546;12,8
548;12,8
550;12,8
552;12,8
554;12,8
557;12,8
559;12,8
561;12,8
563;12,8
565;12,8
568;12,9
570;12,9
572;12,9
574;12,9
577;12,9
579;12,9
581;12,9
583;12,9
586;12,9
588;12,9
590;12,9
593;12,9
595;12,9
597;12,9
600;12,9
602;12,9
604;12,9
607;12,9
609;13,0
612;13,0
614;13,0
616;13,0
619;13,0
621;13,0
624;13,0
626;13,0
629;13,0
631;13,0
634;13,0
636;13,0
639;13,0
641;13,0
644;13,0
646;13,1
649;13,1
651;13,1
654;13,1
657;13,1
659;13,1
662;13,1
664;13,1
667;13,1
670;13,1
672;13,1
675;13,1
678;13,1
680;13,1
683;13,1
686;13,2
688;13,2
691;13,2
694;13,2
696;13,2
699;13,2
702;13,2
705;13,2
707;13,2
710;13,2
713;13,2
716;13,2
719;13,2
722;13,2
724;13,3
727;13,3
730;13,3
733;13,3
736;13,3
739;13,3
742;13,3
745;13,3
748;13,3
750;13,3
753;13,3
756;13,4
759;13,4
762;13,4
765;13,4
768;13,4
771;13,4
774;13,4
778;13,4
781;13,4
784;13,4
787;13,4
790;13,4
793;13,4
796;13,4
799;13,4
802;13,4
806;13,5
809;13,5
812;13,5
815;13,5
818;13,5
822;13,5
825;13,5
828;13,5
831;13,5
835;13,5
838;13,5
841;13,5
844;13,5
848;13,5
851;13,5
855;13,5
858;13,5
861;13,5
865;13,5
868;13,5
871;13,5
875;13,5
878;13,5
882;13,5
885;13,5
889;13,5
892;13,5
896;13,5
899;13,5
903;13,5
906;13,5
910;13,5
914;13,5
917;13,5
921;13,5
924;13,5
928;13,5
932;13,5
935;13,5
939;13,5
943;13,5
947;13,5
950;13,5
954;13,5
958;13,5
962;13,5
965;13,5
969;13,5
973;13,5
977;13,5
981;13,5
985;13,5
988;13,5
992;13,5
996;13,5
1000;13,6
1004;13,6
1008;13,6
1012;13,6
1016;13,6
1020;13,6
1024;13,6
1028;13,6
1032;13,6
1036;13,6
1040;13,6
1044;13,6
1048;13,6
1053;13,6
1057;13,6
1061;13,6
1065;13,6
1069;13,6
1074;13,6
1078;13,6
1082;13,6
1086;13,6
1091;13,6
1095;13,6
1099;13,6
1104;13,6
1108;13,6
1112;13,6
1117;13,6
1121;13,6
1125;13,6
1130;13,5
1134;13,5
1139;13,5
1143;13,5
1148;13,5
1152;13,5
1157;13,5
1161;13,5
1166;13,5
1171;13,5
1175;13,5
1180;13,5
1184;13,5
1189;13,5
1194;13,5
1199;13,5
1203;13,5
1208;13,5
1213;13,5
1218;13,5
1222;13,5
1227;13,5
1232;13,5
1237;13,5
1242;13,5
1247;13,5
1252;13,5
1256;13,5
1261;13,5
1266;13,5
1271;13,5
1276;13,5
1281;13,5
1286;13,5
1292;13,5
1297;13,5
1302;13,5
1307;13,5
1312;13,5
1317;13,5
1322;13,5
1328;13,5
1333;13,5
1338;13,5
1343;13,5
1349;13,5
1354;13,5
1359;13,5
1365;13,5
1370;13,5
1375;13,5
1381;13,5
1386;13,5
1392;13,5
1397;13,5
1403;13,5
1408;13,5
1414;13,5
1419;13,5
1425;13,5
1431;13,5
1436;13,5
1442;13,5
1448;13,5
1453;13,5
1459;13,5
1465;13,5
1471;13,5
1476;13,5
1482;13,5
1488;13,6
1494;13,6
1500;13,6
1506;13,6
1512;13,6
1518;13,6
1524;13,6
1530;13,6
1536;13,6
1542;13,6
1548;13,6
1554;13,6
1560;13,6
1566;13,6
1572;13,6
1578;13,6
1585;13,6
1591;13,6
1597;13,6
1604;13,6
1610;13,6
1616;13,6
1623;13,6
1629;13,6
1635;13,6
1642;13,6
1648;13,6
1655;13,6
1661;13,6
1668;13,6
1674;13,7
1681;13,7
1688;13,7
1694;13,7
1701;13,7
1708;13,7
1714;13,7
1721;13,7
1728;13,7
1735;13,7
1742;13,7
1748;13,7
1755;13,7
1762;13,7
1769;13,8
1776;13,8
1783;13,8
1790;13,8
1797;13,8
1804;13,8
1811;13,8
1819;13,8
1826;13,8
1833;13,8
1840;13,8
1847;13,9
1855;13,9
1862;13,9
1869;13,9
1877;13,9
1884;13,9
1892;13,9
1899;13,9
1907;13,9
1914;14,0
1922;14,0
1929;14,0
1937;14,0
1944;14,0
1952;14,0
1960;14,0
1967;14,1
1975;14,1
1983;14,1
1991;14,1
1999;14,1
2007;14,1
2014;14,1
2022;14,2
2030;14,2
2038;14,2
2046;14,2
2054;14,2
2063;14,2
2071;14,2
2079;14,2
2087;14,2
2095;14,3
2104;14,3
2112;14,3
2120;14,3
2129;14,3
2137;14,3
2145;14,3
2154;14,3
2162;14,3
2171;14,3
2179;14,3
2188;14,3
2197;14,4
2205;14,4
2214;14,4
2223;14,4
2231;14,4
2240;14,4
2249;14,4
2258;14,4
2267;14,4
2276;14,4
2285;14,4
2294;14,4
2303;14,4
2312;14,4
2321;14,4
2330;14,4
2339;14,4
2349;14,4
2358;14,3
2367;14,3
2376;14,3
2386;14,3
2395;14,3
2405;14,3
2414;14,3
2424;14,3
2433;14,3
2443;14,3
2452;14,3
2462;14,3
2472;14,2
2481;14,2
2491;14,2
2501;14,2
2511;14,1
2521;14,1
2531;14,1
2541;14,1
2551;14,0
2561;14,0
2571;14,0
2581;13,9
2591;13,9
2601;13,9
2612;13,9
2622;13,8
2632;13,8
2643;13,8
2653;13,8
2664;13,7
2674;13,7
2685;13,7
2695;13,6
2706;13,6
2716;13,6
2727;13,5
2738;13,5
2749;13,5
2760;13,4
2770;13,4
2781;13,4
2792;13,3
2803;13,3
2814;13,3
2825;13,2
2837;13,2
2848;13,2
2859;13,2
2870;13,2
2882;13,1
2893;13,1
2904;13,1
2916;13,0
2927;13,0
2939;13,0
2950;13,0
2962;12,9
2974;12,9
2985;12,9
2997;12,9
3009;12,9
3021;12,9
3033;12,8
3045;12,8
3057;12,8
3069;12,8
3081;12,8
3093;12,8
3105;12,8
3117;12,8
3130;12,7
3142;12,7
3154;12,7
3167;12,7
3179;12,7
3192;12,7
3204;12,7
3217;12,7
3230;12,7
3243;12,7
3255;12,7
3268;12,7
3281;12,7
3294;12,6
3307;12,6
3320;12,6
3333;12,6
3346;12,6
3359;12,6
3373;12,6
3386;12,6
3399;12,6
3413;12,6
3426;12,6
3440;12,6
3453;12,6
3467;12,6
3480;12,6
3494;12,6
3508;12,6
3522;12,7
3536;12,7
3550;12,7
3564;12,7
3578;12,7
3592;12,7
3606;12,7
3620;12,7
3634;12,6
3649;12,6
3663;12,6
3677;12,6
3692;12,6
3707;12,6
3721;12,6
3736;12,5
3751;12,5
3765;12,5
3780;12,5
3795;12,5
3810;12,4
3825;12,4
3840;12,4
3855;12,4
3870;12,4
3886;12,3
3901;12,3
3916;12,3
3932;12,3
3947;12,3
3963;12,3
3979;12,2
3994;12,2
4010;12,2
4026;12,2
4042;12,2
4058;12,2
4074;12,1
4090;12,1
4106;12,1
4122;12,1
4138;12,1
4154;12,1
4171;12,1
4187;12,0
4204;12,0
4220;12,0
4237;12,0
4254;12,0
4270;12,0
4287;12,0
4304;11,9
4321;11,9
4338;11,9
4355;11,9
4372;11,9
4390;11,9
4407;11,9
4424;11,9
4442;11,9
4459;11,8
4477;11,8
4495;11,8
4512;11,8
4530;11,8
4548;11,8
4566;11,8
4584;11,8
4602;11,8
4620;11,8
4638;11,8
4656;11,8
4675;11,8
4693;11,8
4712;11,8
4730;11,8
4749;11,8
4768;11,7
4786;11,7
4805;11,7
4824;11,7
4843;11,7
4862;11,7
4882;11,7
4901;11,7
4920;11,7
4940;11,7
4959;11,6
4979;11,6
4998;11,6
5018;11,6
5038;11,6
5057;11,6
5077;11,6
5097;11,5
5118;11,5
5138;11,5
5158;11,5
5178;11,5
5199;11,5
5219;11,5
5240;11,5
5260;11,4
5281;11,4
5302;11,4
5323;11,4
5344;11,3
5365;11,3
5386;11,3
5407;11,2
5429;11,2
5450;11,2
5471;11,2
5493;11,2
5515;11,1
5536;11,1
5558;11,1
5580;11,1
5602;11,1
5624;11,0
5646;11,0
5669;11,0
5691;11,0
5713;11,0
5736;10,9
5759;10,9
5781;10,9
5804;10,9
5827;10,9
5850;10,9
5873;10,8
5896;10,8
5919;10,8
5943;10,8
5966;10,8
5990;10,8
6013;10,8
6037;10,7
6061;10,7
6085;10,7
6109;10,7
6133;10,7
6157;10,7
6181;10,6
6205;10,6
6230;10,6
6254;10,6
6279;10,5
6304;10,5
6329;10,5
6354;10,5
6379;10,4
6404;10,4
6429;10,4
6454;10,4
6480;10,3
6505;10,3
6531;10,3
6557;10,2
6583;10,2
6609;10,2
6635;10,2
6661;10,2
6687;10,1
6713;10,1
6740;10,1
6766;10,0
6793;10,0
6820;9,9
6847;9,9
6874;9,9
6901;9,9
6928;9,8
6955;9,8
6983;9,8
7010;9,8
7038;9,7
7066;9,7
7093;9,7
7121;9,6
7150;9,6
7178;9,6
7206;9,5
7234;9,5
7263;9,5
7292;9,4
7320;9,4
7349;9,4
7378;9,3
7407;9,3
7436;9,3
7466;9,2
7495;9,2
7525;9,1
7554;9,1
7584;9,1
7614;9,1
7644;9,1
7674;9,1
7704;9,0
7735;9,0
7765;9,0
7796;9,0
7827;9,0
7857;9,0
7888;9,0
7919;9,0
7951;9,0
7982;9,0
8013;9,0
8045;9,0
8077;9,0
8109;9,0
8141;9,0
8173;9,0
8205;9,0
8237;9,1
8270;9,1
8302;9,1
8335;9,1
8368;9,1
8401;9,2
8434;9,2
8467;9,2
8501;9,3
8534;9,3
8568;9,3
8601;9,4
8635;9,4
8669;9,4
8704;9,5
8738;9,5
8772;9,5
8807;9,6
8842;9,6
8876;9,6
8911;9,6
8947;9,6
8982;9,7
9017;9,7
9053;9,7
9088;9,7
9124;9,7
9160;9,7
9196;9,7
9233;9,8
9269;9,8
9306;9,8
9342;9,8
9379;9,8
9416;9,8
9453;9,8
9490;9,8
9528;9,7
9565;9,7
9603;9,7
9641;9,7
9679;9,7
9717;9,7
9755;9,7
9794;9,7
9832;9,7
9871;9,7
9910;9,6
9949;9,6
9988;9,6
10028;9,6
10067;9,6
10107;9,6
10147;9,6
10187;9,6
10227;9,6
10267;9,6
10308;9,6
10348;9,6
10389;9,6
10430;9,6
10471;9,6
10512;9,6
10554;9,6
10595;9,6
10637;9,6
10679;9,6
10721;9,6
10763;9,6
10806;9,6
10848;9,6
10891;9,6
10934;9,6
10977;9,6
11021;9,6
11064;9,6
11108;9,6
11151;9,6
11195;9,6
11239;9,6
11284;9,6
11328;9,6
11373;9,6
11418;9,6
11463;9,6
11508;9,7
11553;9,7
11599;9,7
11645;9,7
11690;9,7
11736;9,7
11783;9,8
11829;9,8
11876;9,8
11923;9,8
11970;9,9
12017;9,9
12064;10,0
12112;10,0
12159;10,0
12207;10,1
12255;10,1
12304;10,2
12352;10,2
12401;10,2
12450;10,3
12499;10,3
12548;10,4
12598;10,4
12647;10,4
12697;10,5
12747;10,5
12797;10,5
12848;10,6
12899;10,6
12949;10,7
13000;10,7
13052;10,7
13103;10,8
13155;10,8
13207;10,8
13259;10,9
13311;10,9
13363;10,9
13416;11,0
13469;11,0
13522;11,0
13575;11,0
13629;11,0
13683;11,1
13736;11,1
13791;11,1
13845;11,1
13900;11,1
13954;11,1
14009;11,2
14065;11,2
14120;11,2
14176;11,2
14232;11,2
14288;11,2
14344;11,2
14400;11,2
14457;11,2
14514;11,2
14571;11,2
14629;11,2
14687;11,2
14744;11,2
14803;11,2
14861;11,2
14919;11,2
14978;11,1
15037;11,1
15097;11,1
15156;11,1
15216;11,0
15276;11,0
15336;10,9
15396;10,9
15457;10,9
15518;10,8
15579;10,8
15641;10,8
15702;10,7
15764;10,7
15826;10,6
15889;10,6
15951;10,6
16014;10,5
16077;10,5
16141;10,5
16204;10,4
16268;10,4
16332;10,3
16397;10,3
16461;10,2
16526;10,2
16591;10,2
16657;10,2
16722;10,1
16788;10,1
16854;10,1
16921;10,0
16988;10,0
17054;10,0
17122;10,0
17189;10,0
17257;10,0
17325;10,0
17393;10,0
17462;9,9
17531;9,9
17600;9,9
17669;9,9
17739;9,9
17809;9,9
17879;9,9
17949;9,9
18020;10,0
18091;10,0
18162;10,1
18234;10,1
18306;10,1
18378;10,2
18450;10,3
18523;10,4
18596;10,4
18669;10,5
18743;10,6
18817;10,6
18891;10,7
18966;10,8
19040;10,8
19115;10,9
19191;10,9
19266;11,0
19342;11,1
19419;11,2
19495;11,2
19572;11,3
19649;11,3
19727;11,4
19804;11,4
19882;11,5
